"","category","name","price","ratings","no_of_reviews"
"1","Rabbit and Hamster","Abizoo Rabbit Chew Toy, Hamster Toy, Natural Timothy Hay Chew Bowl for Rabbits, Guinea Pigs, Chinchilla, Dwarf Hamster Snacks Hamster Treats Food, Bunny Chew Toys, Pack of 2","$41.23","4.6 out of 5 stars.","720"
"2","Rabbit and Hamster","JanYoo Rabbit Hay Food Bag, Guinea Pigs Hay Bag Feeder Feeding Station Hanging Bag (Strawberry + Pineapple)","$51.96","4.6 out of 5 stars.","10"
"3","Rabbit and Hamster","2 Pieces Guinea Pig cage Inserts, Pads for Guinea Pig cage Inserts, Super Absorbent, Waterproof, Machine Washable and Reusable cage mat for Chinchillas, Rabbits, Hamsters.","$57.05","4.6 out of 5 stars.","3,354"
"4","Rabbit and Hamster","Angoily 2 Pcs Rabbit Grass Stand Rabbit Grass Feeding Rack Rabbit Manger Rack Racks for Rabbits Toy Container Food Dispenser Small Animal Racks Feeder for Rabbits Chinchilla Tool Steel","$29.10","4.4 out of 5 stars","10"
"5","Rabbit and Hamster","Niteangel Natural Chew Activity Toys Fun Safe Hay Grass Pet Balls for Chinchilla Guinea Pig Rats Rabbits Hamster Gerbil Degu Bunny and Other Small Animals","$45.84","4.2 out of 5 stars","564"
"6","Rabbit and Hamster","Living World Treehouse Log Small Animal Accessory/Assorted Models","$41.17","4.6 out of 5 stars","21"
"7","Rabbit and Hamster","Dyrdekly Guinea Pig Bed House Hideout Washable Hideout for Small Animals Dwarf Rabbit Chinchilla Hedgehog Ferret","$38.75","3.9 out of 5 stars","2,447"
"8","Rabbit and Hamster","Rosewood Chill N Snooze Bed","$93.45","4.5 out of 5 stars","422"
"9","Rabbit and Hamster","YOU+ Chinchilla Cage Accessories, Wood Platform with Chew Toys Lava Ledge Blocks for Mouse Chinchilla Rat Gerbil Dwarf Hamster","$40.93","3.5 out of 5 stars","4"
"10","Rabbit and Hamster","kathson Hideaway Grass Tunnel, Rabbit Hideout Tunnel Bunny Hideaway Hut Guinea Pig Grass Linen Durable Tunnel Small Animal Activity Chew Toys Ball","$58.06","4.4 out of 5 stars","155"
"11","Rabbit and Hamster","Kaytee Interpet 862143 High Corner Litter Pan for Rabbits, Ferrets and Other Small Animals, M","$48.90","4.5 out of 5 stars","19"
"12","Rabbit and Hamster","Kaytee Clean & Cozy Confetti Bedding for Pet Guinea Pigs, Rabbits, Hamsters, Gerbils, and Chinchillas, 49.2 Liters","$43.94","5.0 out of 5 stars","96"
"13","Rabbit and Hamster","Hamster Tunnel Pipes for Small Animals - Extendable Practice Tube Pets Foldable Expansion Tube Mink Guinea Pigs Marmot Hedgehog Chinchilla Rats and Dwarf Rabbits, Pink","$68.90","4.2 out of 5 stars","1"
"14","Rabbit and Hamster","PHCOZY 2 Pieces Adjustable Rabbit Harness Rabbit Harness Set with Lead Suitable for Small Animals Such as Kittens Rabbits Guinea Pigs Dogs","$49.10","4.8 out of 5 stars","488"
"15","Rabbit and Hamster","ORZECHKO Rabbit Harness and Leash - Adjustable Bunny Harness Escape Proof for Walking Runnig Hiking Camping Outdoor - Yellow Carrot Pattern Cute Small Animal Harness Leash Set","$39.44","4.0 out of 5 stars","609"
"16","Rabbit and Hamster","Ipetboom 2pcs Radiating Plate Pet Self Cooling Mat Hamster Sleeping Mat Hamster Heat Sink Bunny Straw Woven Bed Rabbit Hamster Cooling Mat Hamster House Accessories Summer Stainless Steel","$46.17","4.0 out of 5 stars","13"
"17","Rabbit and Hamster","MEWTOGO 2PCS Extra Large Rabbit Guinea Pig Bed, Thickened Warm Fleece Hamster Bedding Mat, Soft Small Animal Winter Sleep Bedding Pads for Chinchilla Squirrel Hedgehog Kitten Dog","$55.00","4.6 out of 5 stars","1,952"
"18","Rabbit and Hamster","HYLYUN Very Large Grass House for Rabbits - Natural Dried Grass Hay House, Foldable Bed House with Openings, Playhouse for Dwarf Rabbits, Guinea Pigs, Chinchilla Ferrets","$40.93","4.7 out of 5 stars","7"
"19","Rabbit and Hamster","balacoo Rabbit Feeder Bunny Guinea Pig Hay Feeder Rack Hanging Cage Manger Plastic Food Bow Dispenser Hay Bin for Chinchillas Hamsters Small Animal Rat White","$48.90","3.8 out of 5 stars","4"
"20","Rabbit and Hamster","DASIAUTOEM Guinea Pig Bed, Guinea Pig House, Guinea Pig Sofa, Small Plush Pet Sleeping Bag, Animal Plush Cave Cuddly Bed for Rabbits, Puppies, Ferrets, Pet Cave Nest Cushion","$43.87","4.1 out of 5 stars","6"
"21","Rabbit and Hamster","11PCS Hamster Toys Set, Rabbit Toys, Natural Teeth Care Molar Toys, for Exercise and Treats, for Hamster Rabbit Guinea Pig Chinchillas Bunny","$45.48","4.8 out of 5 stars","1"
"22","Rabbit and Hamster","Small Animal Hammock, Ferret Hammock Bed, Hammock and Tunnel Cage Suit for Rat,Hamster, Squirrel, Sugar Glider, Guinea Pigs Ferret Accessories,Hanging Hideout Tunnel Tube Toy for Cage (Coffee)","$61.12","4.5 out of 5 stars","776"
"23","Rabbit and Hamster","Kuoser Rodent Toilet Rabbit Toilet with Hooks Rabbit Toilet for Potty Training Rabbit Toilet Corner Made of Plastic for Baby Rabbits Chinchillas Small Guinea Pigs Ferrets 25 x 19 x 10 cm","$55.00","4.8 out of 5 stars","152"
"24","Rabbit and Hamster","Trixie 62792 Play Tunnel for Rabbits ・19 cm / 117 cm - Random Colors","$28.10","5.0 out of 5 stars","113"
"25","Rabbit and Hamster","Dyrdekly Guinea Pig Bed Cave Cosy Hamster Bed Warm Chinchilla Cuddly Cave House Accessories for Ferrets Pack of 2","$55.00","4.1 out of 5 stars","3"
"26","Rabbit and Hamster","Funmo 2 x Hanging Pet Water Bottles, 350 ml Hamster Drinking Bottle, Drinking Bottle, Rabbit, Rabbit, Guinea Pigs, Hamster, Chinchilla, Ferret Cage, Water Bottle","$245.21","3.4 out of 5 stars","105"
"27","Rabbit and Hamster","Nobby Rabbit Rodent Ceramic Bowl Salmon / White Diameter 11 cm x 4.5 cm","$55.00","3.9 out of 5 stars","43"
"28","Rabbit and Hamster","DKDDSSS 2 PCS Small Animal Hideout, Corner Hideaway Rabbit Hideaway Hamster Hide Guinea Pig Hideaway Hamster Tent Hamster Hideout Hideout Corner for Guinea Pigs Ferrets Chinchillas Hedgehogs","$55.00","2.9 out of 5 stars","6"
"29","Rabbit and Hamster","Rabbit Bowls Set, Big Pet Bunny Food Bowls Small Animals Cage Bowl and Stainless Steel Hanging Water Food Feeder Bowls for Big Bunny Food Dish (4 PCS)","$56.53","3.5 out of 5 stars","1"
"30","Rabbit and Hamster","ibasenice Hamster Accessories Hamster Feeding Bowl 3 Pieces Heart-Shaped Feeder Bowl Ceramic Animal Water Bowl Practical Pet Food Bowl for Hamster Hedgehog Guinea Guinea Pig Cage","$80.63","4.6 out of 5 stars","3"
"31","Rabbit and Hamster","Guinea Pig Playpen Small Animals Playpen with Anti Escape Cover Portable Cat Playpen Breathable Indoor/Outdoor Yard Exercise Cage Tent for Hamster Puppy Chinchillas Rabbits (Black (Half Transparent))",NA,"4.7 out of 5 stars","75"
"32","Rabbit and Hamster","Poor Quality-000 Pieces Guinea Pig Clothes Baby Ferret -Poor Quality Leash Vest Set with Bell for Guinea Pigs, Hamster, Ferret, Rabbit, Chinchilla and Similar Small Animals -Poor Quality",NA,"3.0 out of 5 stars","285"
"33","Rabbit and Hamster","Prevue Hendryx 1097 Nature's Hideaway Grass Hut Toy, Medium, 11 x 9 x 6",NA,"5.0 out of 5 stars","1"
"34","Rabbit and Hamster","Jilskl Cuddly Bag Guinea Pig Cave, Washable Rabbit Cuddly Cave, Guinea Pig House, Small Animal Nest for Chinchilla, Hedgehog, Guinea Pigs, Hamsters, Ferrets, Rats",NA,"4.3 out of 5 stars","2"
"35","Rabbit and Hamster","Care Fresh Blue 10L for Small Animals Such as Hamsters, Rabbits, Guinea Pigs (1kg)",NA,"4.3 out of 5 stars","251"
"36","Rabbit and Hamster","vxxliaxs Hamster Bed, Cozy Cave and Warm Hideout, Small Animal Warm Nest, Washable Cute Hanging Hammock for Small Animals, Syrian Hamster, Hamster Dwarf (Medium, Cloud Rabbit)",NA,"5.0 out of 5 stars","23"
"37","Rabbit and Hamster","Pet Chinchilla House with Platform, Guinea Pig Cage Wooden Hut, Bunny Houses and Hideouts with Window, Small Animal Hideout for Hedgehog, Kitten, Squirrel, Sugar Gliders, Rabbit",NA,"5.0 out of 5 stars","87"
"38","Rabbit and Hamster","Lonepetu Waterproof Guinea Pig Cage Tarp Bottom for C & C Grids Habitat, 48""*24"" Washable Guinea Pig Cage Liner Base for Rabbits Hamsters Hedgehogs Ferrets Small Pets (No Cage)","$55.00","4.6 out of 5 stars.","18"
"39","Rabbit and Hamster","JanYoo Rabbit Accessories Feeding Bowl Ceramic Guinea Pigs Dry Food Water Duo Bowl Hedgehog Hamster Things Small Blue and Pink","$72.98","4.6 out of 5 stars.","71"
"40","Rabbit and Hamster","Rabbit Hutch Cover, 210D Oxford Fabric, Rabbit Hutch Waterproof Dust Protection, Double Layer Rabbit Hutch Cover, Dust Protection for Rubits, Hamsters, Pets, Home Accessories, 122 x 50 x 105 cm","$41.27","4.6 out of 5 stars.","30"
"41","Rabbit and Hamster","Qinlorgo n Hamster Leash, Harness, Leash, Rabbit Harness, Small Animal Accessories, Heavy Duty for Rabbits, Pets (M)","$55.33","4.4 out of 5 stars","2,170"
"42","Rabbit and Hamster","C&C Guinea Pig Cages 14PCS Small Animal Playpen 12x12inch Expandable Indoor Rabbit Hedgehog Chinchilla Cage DIY Metal Grids Panels","$39.72","4.3 out of 5 stars","3"
"43","Rabbit and Hamster","HAPINARY Fun Tunnel Guinea Pig Accessories Rabbit Tunnel Hamster Tube Toy Fun Hamster Exercise Toy Ferret Toy Hedgehog Accessories Interesting Hamster Tunnel Creeping Toy Canvas Liner Small","$45.04","4.6 out of 5 stars","412"
"44","Rabbit and Hamster","Ferplast 84646099 Wood Home for Rabbits, Without 4646, 33 x 23.6 x 16 cm","$43.38","4.4 out of 5 stars","2"
"45","Rabbit and Hamster","Ipetboom 30 Pcs Rabbit Toy Teething Toy Rabbit Accessories Sports Accessories Rat Cage Accessories Sport Accessories Accessories Bunny Toy Teeth Care Molar Toy Baby Pet Toys Bamboo","$40.02","3.9 out of 5 stars","2"
"46","Rabbit and Hamster","PANGTON VILLA Pack of 3 Drinking Bottle Rabbit with Holder 350 ml Rabbit Drinking Bottle Rabbit Accessories, Hanging Pets Water Bottles for Rabbits, Guinea Pigs, Hamsters, Chinchillas","$42.20","4.0 out of 5 stars","2"
"47","Rabbit and Hamster","JanYoo Guinea Pig Bed Hedgehog House Pad Rabbit Bunny Bed Toy Cage Accessories Chair Shaker Wooden Detachable Frame(Dark Green)","$39.12","5.0 out of 5 stars","938"
"48","Rabbit and Hamster","Norhogo Rabbit Harness, Adjustable Rabbit Lead, Rabbit Harness Accessories for Rabbits, Cats, Small Animals, 27-35 cm, 1.20 m (S, Grey)","$45.71","5.0 out of 5 stars","9"
"49","Rabbit and Hamster","Pack of 2 Harnesses for Pets, Adjustable Lead, Rabbit Accessories, Breathable Rabbit Harness with Lead, Vest Harness, Escape Proof for Bunny, Cat, Little Chinchilla, Pet Walking","$48.90","3.0 out of 5 stars","13"
"50","Rabbit and Hamster","plplaaobo Rabbit Drinker, Pack of 20 Long Rabbit Drinking Water Tool Cage Accessories Designed for Rabbits","$74.79","3.8 out of 5 stars","12"
"51","Rabbit and Hamster","OVMKOV Rabbit Foraging Mat, Interactive Feed Game for Boredom, Small Pet Puzzle Toy, 9.44"" x 9.44"" Polar Fleece Snuffle Pad Bed Nosework Feeding Mat for Bunny Hamster Guinea Pigs Ferrets Chinchillas","$45.84","3.0 out of 5 stars","19"
"52","Rabbit and Hamster","Guinea Pig House, Guinea Pig Accessories, Guinea Pig Cuddly Cave, House Guinea Pigs, Hamsters, Guinea Pigs, Small Animal House for Hamsters, Chinchillas, Ferrets, Rabbits (Pink)","$48.90","4.6 out of 5 stars","11"
"53","Rabbit and Hamster","Zerodeko 10Pcs Pet Cage Handles, Pet Crate Replacement Parts Accessories, Easy Install, Comfortable to Hold, Portable Plastic Pet Cage Handle for Dog, Cat, Rabbit, Hamster, Rabbit, Birds ( Black )","$48.90","4.9 out of 5 stars","4"
"54","Rabbit and Hamster","Relaxdays Small Animal Accessory Set 4 Pieces, Grass House, 2 Food Balls & Carrot, Cage Accessories, Guinea Pigs & Rabbits, Natural, 21 x 30 x 30 cm","$45.84","3.4 out of 5 stars","21"
"55","Rabbit and Hamster","47x24 Guinea Pig Cage Liners Small Animal Habitat Canvas Bottom Liner Chinchilla Waterproof Oxford Cloth Cage Liners Pads Small Animals Cage Bedding Accessories for Ferrets Rabbits Hedgehog（Black）","$55.00","3.5 out of 5 stars","3,662"
"56","Rabbit and Hamster","TYXHXTF Pack of 3 Small Animal Plush Bed, Warm Fluffy Plush Bed for Small Animals, Guinea Pig Accessories, Rodent Rug, for Rabbits, Chinchilla, Squirrel, Guinea Pigs","$58.13","3.2 out of 5 stars","12"
"57","Rabbit and Hamster","Pack of 2 Rabbit Accessories Feeding Bowl, Ceramic Hamster Feeding Bowl, Ceramic, Rabbit Feeding Bowl, Hamster Feeding Bowl, for Desert Gerbil, Hamster, Rabbit (Red and Blue)","$58.13","4.2 out of 5 stars","4"
"58","Rabbit and Hamster","BUCATSTATE Hamster Chew Toys 9PCS, Small Animal Molar Toys Teeth Care Wooden Bridge Accessories for Guinea Pigs, Chinchillas, Gerbils, Mice, Rats, Mouse","$45.84","4.5 out of 5 stars","12,371"
"59","Rabbit and Hamster","Dyrdekly Pack of 2 Rabbit Bed Washable Rabbit Hideout Indoor Hideout House Cosy Guinea Pig Hut Cage Accessories for Small Animals","$45.84","3.3 out of 5 stars","141"
"60","Rabbit and Hamster","Rosewood 19478 Trio of Fun Ball, Medium","$40.54","3.7 out of 5 stars","1,358"
"61","Rabbit and Hamster","Feeding Bowl Rabbit Guinea Pig Bowl Bowls Drinks & Accessories for Dogs Drinking Bowl Rabbit Feeder for Rabbits for Rabbits Chinchilla, Guinea Pigs, Hamster Feeding Bowl, Large, Green","$23.34","4.6 out of 5 stars","6"
"62","Rabbit and Hamster","Ipetboom 8 Pcs Hamster Nest Chinchilla Nest Hamster Beds Guinea Pig Bed Cuddle Cave Plush Small Animal Rabbit Accessories Household Chinchilla House Bed Crystal Velvet Comfortable","$73.95","4.2 out of 5 stars","2,790"
"63","Rabbit and Hamster","Dyrdekly Guinea Pig Bed Cave Cosy Rabbit Bed Warm Hamster Cuddly Cave House Accessory for Ferret Hedgehog Chinchilla","$110.67","4.5 out of 5 stars","314"
"64","Rabbit and Hamster","Hengrongshen Guinea Pig Bed, Guinea Pig Oval Cuddler, Rabbit Bed, Rabbit Sofa, Bunny Bed, Guinea Pig Cage Accessories for Guinea Pigs, Rabbits, Chinchilla, Ferrets","$43.95","4.3 out of 5 stars","1"
"65","Rabbit and Hamster","DASIAUTOEM Guinea Pig Sofa, Guinea Pig Bed Pet Winter Cosy Small Animal Beds Guinea Pig Cage Accessories for Dwarf Rabbits Chinchilla Hamsters","$58.06","3.4 out of 5 stars","1"
"66","Rabbit and Hamster","BUCATSTATE Guinea Pig Bed, Winter Warm Cosy House Hiding Cage Nest Accessory for Dwarf Rabbit Ferret Hamster Chinchilla Hedgehog","$51.81","4.0 out of 5 stars","694"
"67","Rabbit and Hamster","Kaytee Extreme Odor Control Bedding for Pet Guinea Pigs, Rabbits, Hamsters, Gerbils, and Chinchillas, 40 Liter","$17.27","5.0 out of 5 stars","11"
"68","Rabbit and Hamster","Wunhunew Guinea Pigs Soft Blankets 6 Pieces, Rabbits Hamster Fleece Cage Liners, Bedding Mats Bath Towels for Small Animals Pets Puppy Kitten Hedgehog Squirrel Accessories","$45.50","5.0 out of 5 stars",NA
"69","Rabbit and Hamster","DASIAUTOEM Guinea Pig House, Guinea Pig Hideout Nest Tent House Small Animal House Guinea Pig Cage Accessories for Hamsters, Chinchillas, Ferrets, Rabbits","$58.06","4.5 out of 5 stars",NA
"70","Rabbit and Hamster","Rosewood Boredom Breaker Small Animal Activity Toy Floral Hanging Basket",NA,"4.4 out of 5 stars",NA
"71","Rabbit and Hamster","Pack of 2 Nest Bed Tent, Small Animals Hideaway, Hamster Tent Hammock, Pet Hideaway Cage Accessories, with 3 Hooks, for Guinea Pigs, Chinchilla, Rabbit, Rat, Hedgehog, (Pink and Blue)",NA,"4 Stars & Up",NA
"72","Rabbit and Hamster","Bunny Water Nipple Drinker Feeder Farm Poultry Drinking Spring Type Accessories Rabbit Automatic Nipple Drinker for Rabbits Guinea Pigs Pack of 10",NA,"3 Stars & Up",NA
"73","Rabbit and Hamster","TRIXIE Harness for Rabbits, (61513)",NA,"2 Stars & Up",NA
"74","Rabbit and Hamster","BUGUUYO 2pcs Hamster Ceramic Bowl Pet Food Holder Bearded Dragon Tank Accessories Cat Dish Hamster Food Plate Hamster Food Dish Hamster Bowl Hamster Accessory Ceramics Rabbit Small Plate",NA,"1 Star & Up",NA
"75","Rabbit and Hamster","Kerbl Rabbit Feeder Galvanized Feed Area, 3000 ml",NA,NA,NA
"76","Rabbit and Hamster","Ipetboom 3pcs Rabbit Feeder Bunny Feeder Hanging Flower Pot Rabbit Feeders Hanging Wall Planters Succulent Planter Pot Rack for Rabbits Holder White Succulents Accessories Metal",NA,NA,NA
"77","Rabbit and Hamster","Universal Double Hutch Cover, Durable 210D Oxford Fabric Rabbit Cage Cover for Rubits, Cats, Hamsters, Kittens, Pet House Accessories, Black/Grey/Green, 122 x 50 x 105 cm (Grey)",NA,NA,NA
"78","Rabbit and Hamster","DASIAUTOEM Small Animal Cave for Chinchilla, Guinea Pig Bed, Cuddly Bag, Guinea Pig Cave, Small Animals Hiding Place, Pet Washable Cage Habitat House for Dwarf Rabbits, Hamsters, Chinchilla","$43.64","4.6 out of 5 stars.","2"
"79","Rabbit and Hamster","Ipetboom 4pcs Pet Pee Pad Hamster Cage Guinea Pig Cage Rat Cage Hamster Bedding Guinea Pig Pad Liners Guinea Pig Mat Rabbits Mat Rabbit Cage Hamster Cooling Pad Polyester Accessories Puppy","$39.72","4.6 out of 5 stars.","1"
"80","Rabbit and Hamster","letcdfer Pipipads, Guinea Pigs, Cage Liner, Washable Pee Pads, PIPI Pads for Guinea Pigs, Hamsters, Hedgehogs, Rabbits, Guinea Pigs Accessories (30 x 30 cm, Pink and Grey)","$36.47","4.6 out of 5 stars.","12"
"81","Rabbit and Hamster","Home 5127 Small Animal Set Rabbit Hutch Hutches Guinea Pig House","$50.71","3.0 out of 5 stars","6"
"82","Rabbit and Hamster","NAMIS Guinea Pig Bed Guinea Pig Cave Washable Guinea Pig Cuddly Winter Cosy Guinea Pig Accessory for Hamster Rat Rabbit Bearded Dragons Ferrets","$90.22","5.0 out of 5 stars","3,514"
"83","Rabbit and Hamster","Sbayool Christmas Rabbit Bed, 3-in-1 Warm Cosy Soothing Rabbit Bed, Bunny Bed Accessories for Guinea Pigs, Chinchillas, Ferrets, Hedgehogs and Other Small Animals, 30 x 30 x 30 cm","$46.60","3.8 out of 5 stars","1"
"84","Rabbit and Hamster","Willow Tunnel for Small Animals for Rabbits 20 cm Diameter / Length 38 cm","$44.91","4.8 out of 5 stars","4,141"
"85","Rabbit and Hamster","Rabbit Harness Leash Soft Adjustable Buckle Breathable Gentleman Style Harness Stylish Bunny Accessory Grey (S)","$76.45","4.6 out of 5 stars","1,895"
"86","Rabbit and Hamster","STKYGOOD Rabbit Feeder Bunny Guinea Pig Hay Feeder,Hay Guinea Pig Hay Feeder,Chinchilla Plastic Food Bowl (Pink-A)","$42.46","5.0 out of 5 stars","431"
"87","Rabbit and Hamster","LIMEOW Guinea Pig Hideaway Hammock Small Animal Tent Hideaway for Small Animals Hamster Tent Hammock Cages Decoration Accessories for Guinea Pigs Chinchilla Hedgehog Rat Squirrel Ferret Rabbit (Blue)","$28.38","4.3 out of 5 stars","3"
"88","Rabbit and Hamster","Dyrdekly Pack of 2 Rabbit Bed Washable Rabbit Hideout Indoor Hideout House Cosy Guinea Pig Hut Cage Accessories for Small Animals","$55.00","4.6 out of 5 stars","19"
"89","Rabbit and Hamster","Beaphar Cage Fresh Granules","$49.35","3.7 out of 5 stars","1"
"90","Rabbit and Hamster","Kerbl Rabbit Plastic Drinking Trough, 1000 ml, Green","$39.72","5.0 out of 5 stars","2"
"91","Rabbit and Hamster","Pack of 13 Chew Balls - Small Animal Toy Ball, Small Animals Chew Toy, Rabbit Chew Toy, Grass Toy Natural, Small Animal Chew Toy, Grass Ball for Rabbits, Guinea Pigs, Chinchilla Hamsters","$46.21","3.6 out of 5 stars","3"
"92","Rabbit and Hamster","Hamster Toys,Rabbit Guinea Pig Treats Toys 16 PCS,Chinchilla Pet Bunny Rat Ferret Chew Toys Ball Donuts Flower Grass Cake Carrot Enrichment Toys For Pet Small Animal Teeth Cleaning Accessories","$72.48","5.0 out of 5 stars","624"
"93","Rabbit and Hamster","AVIDA ZEN Guinea Pig House, Cuddly Cave for Small Rabbits, Hamsters, Guinea Pigs, Washable and Cosy Cuddly Bag for Rodents, Cave and Bed, Small Animal Accessories","$90.18","3.0 out of 5 stars","76"
"94","Rabbit and Hamster","Abizoo Sniffing Rug Rabbit Smelling Training Sniffing Mat Guinea Pigs Intelligence Toy for Rabbits Foraging Rabbit Toys for Rabbits Dwarf Rabbits Sniffing Toy Washable","$58.77","5.0 out of 5 stars","93"
"95","Rabbit and Hamster","kathson Large Rabbit Cage Liner 78.7”×39.4” Guinea Pig Bedding Waterproof Bunny Washable Floor Mat Reusable Absorbent Non Slip Pet Pee Pad for Small Animals Cages Hamster Chinchilla Cat Dog","$39.72","4.3 out of 5 stars","71"
"96","Rabbit and Hamster","Rinfency Pack of 2 Adjustable Soft Rabbit Harness, 1.2 m Lead for Rabbits, Breathable Vest Harness for Bunnies, Cats, Little Pet Walking (S, Blue, Pink)","$36.68","4.3 out of 5 stars","793"
"97","Rabbit and Hamster","RANYPET Guinea Pig Bed Cave Cosy Hamster House Large Hiding Place for Dwarf Rabbits Hedgehog Bearded Dragons Winter Nest Hamster Cage Accessories","$36.68","4.1 out of 5 stars","361"
"98","Rabbit and Hamster","BORDSTRACT Rabbit Hutch Cover, Durable Oxford Rabbit Cage Dust Cover Bunny Hutch Poultry Cage Covers Waterproof(Grey)","$52.22","4.2 out of 5 stars","751"
"99","Rabbit and Hamster","Hay Bag for Rabbits, Rabbit Hay Bag, Guinea Pig Accessories, Hay Feeder (2 Holes, Black)","$45.84","4.1 out of 5 stars","225"
"100","Rabbit and Hamster","HAYPIGS Guinea Pig Toys and Accessories - Circus themed PIGGY WEIGHTLIFTER Vegetable Kebab Maker - Guinea Pig Toy - Rabbit Toys - Hamster Toys - Rat Toys - Small Animal Boredom Breaker","$81.19","4.4 out of 5 stars","29"
